<?xml version="1.0" encoding="UTF-8"?>
<!DOCTYPE suite SYSTEM "https://testng.org/testng-1.0.dtd">
<suite name="Tutorials Ninja Full Test Suite">

  <test name="all test">
    <classes>
         <class name="tests.registertest"/>
         <class name="tests.logintest"/>
         <class name="tests.updateprofiletest"/>
         <class name="tests.searchtest"/>
         <class name="tests.carttest"/>
         <class name="tests.checkouttest"/>
         <class name="tests.responsivetest"/> 
    </classes>
  </test>

</suite>
